time,total,ipad,water_heater,lamp
2020-5-24 15:20:13,2.1402467825824574,0.0,0.0,0.0
2020-5-24 15:20:23,2.1402467825824574,0.0,0.0,0.0
2020-5-24 15:20:33,4.268333090009818,0.0,0.0,0.0
2020-5-24 15:20:43,4.268333090009818,0.0,0.0,0.0
2020-5-24 15:20:53,2.1402467825824574,0.0,0.0,0.0
2020-5-24 15:21:3,2.1402467825824574,0.0,2.1978764759003036,0.0
2020-5-24 15:21:13,2.1402467825824574,0.0,0.0,0.0
2020-5-24 15:21:23,2.1402467825824574,0.0,0.0,0.0
2020-5-24 15:21:33,2.1402467825824574,0.0,0.0,0.0
2020-5-24 15:21:43,4.268333090009818,0.0,0.0,0.0
2020-5-24 15:21:53,4.268333090009818,0.0,0.0,0.0
2020-5-24 15:22:3,2.1402467825824574,0.0,0.0,0.0
2020-5-24 15:22:13,2.1402467825824574,0.0,0.0,0.0
2020-5-24 15:22:23,2.1402467825824574,0.0,0.0,0.0
2020-5-24 15:22:33,2.1402467825824574,0.0,0.0,0.0
2020-5-24 15:22:43,4.268333090009818,0.0,0.0,0.0
2020-5-24 15:22:53,4.268333090009818,0.0,0.0,0.0
2020-5-24 15:23:3,2.1402467825824574,0.0,0.0,0.0
2020-5-24 15:23:13,2.1402467825824574,0.0,0.0,0.0
2020-5-24 15:23:23,2.1402467825824574,0.0,0.0,0.0
2020-5-24 15:23:33,4.268333090009818,0.0,0.0,0.0
2020-5-24 15:23:43,4.268333090009818,0.0,2.1978764759003036,0.0
2020-5-24 15:23:53,2.1402467825824574,2.103410989733614,0.0,0.0
2020-5-24 15:24:3,2.1402467825824574,0.0,0.0,0.0
2020-5-24 15:24:13,2.1402467825824574,0.0,0.0,0.0
2020-5-24 15:24:23,2.1402467825824574,0.0,0.0,0.0
2020-5-24 15:24:33,4.268333090009818,0.0,0.0,0.0
2020-5-24 15:24:43,4.268333090009818,0.0,0.0,0.0
2020-5-24 15:24:53,2.1402467825824574,0.0,0.0,0.0
2020-5-24 15:25:3,2.1402467825824574,0.0,0.0,0.0
2020-5-24 15:25:13,2.1402467825824574,0.0,0.0,0.0
2020-5-24 15:25:23,2.1402467825824574,0.0,0.0,0.0
2020-5-24 15:25:33,4.268333090009818,0.0,0.0,0.0
2020-5-24 15:25:43,4.268333090009818,0.0,0.0,0.0
2020-5-24 15:25:53,2.1402467825824574,0.0,0.0,0.0
2020-5-24 15:26:3,2.1402467825824574,0.0,0.0,0.0
2020-5-24 15:26:13,2.1402467825824574,0.0,0.0,0.0
2020-5-24 15:26:23,4.268333090009818,0.0,0.0,0.0
2020-5-24 15:26:34,4.268333090009818,0.0,0.0,0.0
2020-5-24 15:26:44,4.268333090009818,0.0,0.0,0.0
2020-5-24 15:26:54,2.1402467825824574,0.0,0.0,0.0
2020-5-24 15:27:4,2.1402467825824574,0.0,0.0,0.0
2020-5-24 15:27:14,2.1402467825824574,0.0,0.0,0.0
2020-5-24 15:27:24,2.1402467825824574,0.0,0.0,0.0
2020-5-24 15:27:34,2.1402467825824574,0.0,0.0,0.0
2020-5-24 15:27:44,4.268333090009818,0.0,0.0,0.0
2020-5-24 15:27:54,4.268333090009818,0.0,0.0,0.0
2020-5-24 15:28:4,2.1402467825824574,0.0,0.0,0.0
2020-5-24 15:28:14,2.1402467825824574,0.0,0.0,0.0
2020-5-24 15:28:24,2.1402467825824574,0.0,0.0,0.0
2020-5-24 15:28:34,2.1402467825824574,0.0,0.0,0.0
2020-5-24 15:28:44,4.268333090009818,0.0,0.0,0.0
2020-5-24 15:28:54,4.268333090009818,0.0,0.0,0.0
2020-5-24 15:29:4,4.268333090009818,0.0,0.0,0.0
2020-5-24 15:29:14,2.1402467825824574,0.0,0.0,0.0
2020-5-24 15:29:24,2.1402467825824574,0.0,0.0,0.0
2020-5-24 15:29:34,2.1402467825824574,0.0,0.0,0.0
2020-5-24 15:29:44,2.1402467825824574,0.0,0.0,0.0
2020-5-24 15:29:54,4.268333090009818,0.0,0.0,0.0
2020-5-24 15:30:4,4.268333090009818,0.0,0.0,0.0
2020-5-24 15:30:14,2.1402467825824574,0.0,0.0,0.0
2020-5-24 15:30:24,2.1402467825824574,0.0,2.1978764759003036,0.0
2020-5-24 15:30:34,2.1402467825824574,0.0,0.0,0.0
2020-5-24 15:30:44,4.268333090009818,0.0,0.0,0.0
2020-5-24 15:30:54,4.268333090009818,0.0,0.0,0.0
2020-5-24 15:31:4,4.268333090009818,0.0,0.0,0.0
2020-5-24 15:31:14,4.268333090009818,0.0,0.0,0.0
2020-5-24 15:31:24,2.1402467825824574,0.0,0.0,0.0
2020-5-24 15:31:34,2.1402467825824574,0.0,0.0,0.0
2020-5-24 15:31:44,2.1402467825824574,0.0,0.0,0.0
2020-5-24 15:31:54,4.268333090009818,0.0,0.0,0.0
2020-5-24 15:32:4,2.1402467825824574,0.0,0.0,0.0
2020-5-24 15:32:14,2.1402467825824574,0.0,0.0,0.0
2020-5-24 15:32:24,2.1402467825824574,0.0,0.0,0.0
2020-5-24 15:32:34,2.1402467825824574,0.0,0.0,0.0
2020-5-24 15:32:44,4.268333090009818,0.0,0.0,2.130227803379574
2020-5-24 15:32:54,4.268333090009818,0.0,0.0,0.0
2020-5-24 15:33:4,4.268333090009818,0.0,0.0,0.0
2020-5-24 15:33:14,4.268333090009818,0.0,0.0,0.0
2020-5-24 15:33:24,2.1402467825824574,0.0,2.1978764759003036,0.0
2020-5-24 15:33:34,2.1402467825824574,0.0,0.0,0.0
2020-5-24 15:33:44,2.1402467825824574,0.0,0.0,0.0
2020-5-24 15:33:54,2.1402467825824574,0.0,0.0,0.0
2020-5-24 15:34:4,2.1402467825824574,0.0,0.0,0.0
2020-5-24 15:34:14,2.1402467825824574,0.0,0.0,0.0
2020-5-24 15:34:24,4.268333090009818,0.0,0.0,0.0
2020-5-24 15:34:34,4.268333090009818,0.0,0.0,0.0
2020-5-24 15:34:44,4.268333090009818,0.0,0.0,0.0
2020-5-24 15:34:54,2.1402467825824574,0.0,0.0,0.0
2020-5-24 15:35:4,2.1402467825824574,0.0,0.0,0.0
2020-5-24 15:35:14,2.1402467825824574,0.0,0.0,0.0
2020-5-24 15:35:24,2.1402467825824574,0.0,0.0,0.0
2020-5-24 15:35:35,2.1402467825824574,0.0,0.0,0.0
2020-5-24 15:35:45,2.1402467825824574,0.0,0.0,0.0
2020-5-24 15:35:55,2.1402467825824574,0.0,0.0,0.0
2020-5-24 15:36:5,2.1402467825824574,0.0,0.0,0.0
2020-5-24 15:36:15,4.268333090009818,0.0,0.0,0.0
2020-5-24 15:36:25,4.268333090009818,0.0,0.0,0.0
2020-5-24 15:36:35,2.1402467825824574,0.0,0.0,0.0
2020-5-24 15:36:45,2.1402467825824574,0.0,0.0,0.0
2020-5-24 15:36:55,2.1402467825824574,0.0,0.0,0.0
2020-5-24 15:37:5,2.1402467825824574,0.0,0.0,0.0
2020-5-24 15:37:15,2.1402467825824574,0.0,0.0,0.0
2020-5-24 15:37:25,2.1402467825824574,0.0,0.0,0.0
2020-5-24 15:37:35,4.268333090009818,0.0,0.0,0.0
2020-5-24 15:37:45,4.268333090009818,0.0,0.0,0.0
2020-5-24 15:37:55,4.268333090009818,0.0,0.0,0.0
2020-5-24 15:38:5,2.1402467825824574,0.0,0.0,0.0
2020-5-24 15:38:15,2.1402467825824574,0.0,0.0,0.0
2020-5-24 15:38:25,2.1402467825824574,0.0,0.0,0.0
2020-5-24 15:38:35,4.268333090009818,0.0,0.0,0.0
2020-5-24 15:38:45,4.268333090009818,0.0,0.0,0.0
2020-5-24 15:38:55,2.1402467825824574,0.0,0.0,0.0
2020-5-24 15:39:5,2.1402467825824574,0.0,0.0,0.0
2020-5-24 15:39:15,2.1402467825824574,0.0,0.0,0.0
2020-5-24 15:39:25,8.524471254798732,6.370479708832963,0.0,0.0
2020-5-24 15:39:35,8.524471254798732,6.370479708832963,0.0,0.0
2020-5-24 15:39:45,10.652523112160281,6.370479708832963,0.0,0.0
2020-5-24 15:39:55,8.524471254798732,6.370479708832963,0.0,0.0
2020-5-24 15:40:5,8.524471254798732,4.236948941954832,0.0,0.0
2020-5-24 15:40:15,10.652523112160281,6.370479708832963,0.0,0.0
2020-5-24 15:40:25,8.524471254798732,6.370479708832963,0.0,0.0
2020-5-24 15:40:35,8.524471254798732,6.370479708832963,0.0,0.0
2020-5-24 15:40:45,8.524471254798732,6.370479708832963,0.0,0.0
2020-5-24 15:40:55,8.524471254798732,4.236948941954832,0.0,0.0
2020-5-24 15:41:5,10.652523112160281,6.370479708832963,0.0,0.0
2020-5-24 15:41:15,8.524471254798732,6.370479708832963,0.0,0.0
2020-5-24 15:41:25,8.524471254798732,6.370479708832963,0.0,0.0
2020-5-24 15:41:35,8.524471254798732,4.236948941954832,0.0,0.0
2020-5-24 15:41:45,8.524471254798732,6.370479708832963,0.0,0.0
2020-5-24 15:41:55,10.652523112160281,6.370479708832963,0.0,0.0
2020-5-24 15:42:5,8.524471254798732,6.370479708832963,0.0,0.0
2020-5-24 15:42:15,8.524471254798732,6.370479708832963,0.0,0.0
2020-5-24 15:42:25,10.652523112160281,4.236948941954832,0.0,0.0
2020-5-24 15:42:35,8.524471254798732,6.370479708832963,0.0,0.0
2020-5-24 15:42:45,8.524471254798732,6.370479708832963,0.0,0.0
2020-5-24 15:42:55,10.652523112160281,6.370479708832963,0.0,0.0
2020-5-24 15:43:5,8.524471254798732,4.236948941954832,0.0,0.0
2020-5-24 15:43:15,8.524471254798732,6.370479708832963,0.0,0.0
2020-5-24 15:43:25,8.524471254798732,6.370479708832963,0.0,0.0
2020-5-24 15:43:35,8.524471254798732,6.370479708832963,0.0,0.0
2020-5-24 15:43:45,8.524471254798732,6.370479708832963,0.0,0.0
2020-5-24 15:43:55,10.652523112160281,4.236948941954832,0.0,0.0
2020-5-24 15:44:5,8.524471254798732,6.370479708832963,0.0,0.0
2020-5-24 15:44:15,8.524471254798732,6.370479708832963,0.0,0.0
2020-5-24 15:44:25,8.524471254798732,6.370479708832963,0.0,0.0
2020-5-24 15:44:35,8.524471254798732,4.236948941954832,0.0,0.0
2020-5-24 15:44:45,8.524471254798732,6.370479708832963,0.0,0.0
2020-5-24 15:44:55,10.652523112160281,6.370479708832963,0.0,0.0
2020-5-24 15:45:5,8.524471254798732,6.370479708832963,0.0,0.0
2020-5-24 15:45:15,8.524471254798732,6.370479708832963,0.0,0.0
2020-5-24 15:45:25,8.524471254798732,6.370479708832963,0.0,0.0
2020-5-24 15:45:35,8.524471254798732,4.236948941954832,0.0,0.0
2020-5-24 15:45:45,10.652523112160281,6.370479708832963,0.0,0.0
2020-5-24 15:45:55,8.524471254798732,6.370479708832963,0.0,0.0
2020-5-24 15:46:5,8.524471254798732,6.370479708832963,0.0,0.0
2020-5-24 15:46:15,8.524471254798732,4.236948941954832,0.0,0.0
2020-5-24 15:46:25,8.524471254798732,6.370479708832963,0.0,0.0
2020-5-24 15:46:35,10.652523112160281,6.370479708832963,0.0,0.0
2020-5-24 15:46:45,8.524471254798732,6.370479708832963,0.0,0.0
2020-5-24 15:46:55,10.652523112160281,6.370479708832963,0.0,0.0
2020-5-24 15:47:5,8.524471254798732,6.370479708832963,0.0,0.0
2020-5-24 15:47:15,8.524471254798732,4.236948941954832,0.0,0.0
2020-5-24 15:47:25,10.652523112160281,6.370479708832963,0.0,0.0
2020-5-24 15:47:35,8.524471254798732,6.370479708832963,0.0,0.0
2020-5-24 15:47:45,10.652523112160281,6.370479708832963,0.0,0.0
2020-5-24 15:47:55,8.524471254798732,4.236948941954832,0.0,0.0
2020-5-24 15:48:5,8.524471254798732,6.370479708832963,0.0,0.0
2020-5-24 15:48:15,8.524471254798732,6.370479708832963,0.0,0.0
2020-5-24 15:48:25,8.524471254798732,6.370479708832963,0.0,0.0
2020-5-24 15:48:35,10.652523112160281,6.370479708832963,0.0,0.0
2020-5-24 15:48:45,8.524471254798732,6.370479708832963,0.0,2.130227803379574
2020-5-24 15:48:55,8.524471254798732,4.236948941954832,0.0,0.0
2020-5-24 15:49:5,8.524471254798732,6.370479708832963,0.0,0.0
2020-5-24 15:49:15,8.524471254798732,6.370479708832963,0.0,0.0
2020-5-24 15:49:25,8.524471254798732,6.370479708832963,0.0,0.0
2020-5-24 15:49:35,8.524471254798732,6.370479708832963,0.0,0.0
2020-5-24 15:49:45,8.524471254798732,6.370479708832963,0.0,2.130227803379574
2020-5-24 15:49:55,8.524471254798732,6.370479708832963,0.0,0.0
2020-5-24 15:50:5,8.524471254798732,4.236948941954832,0.0,0.0
2020-5-24 15:50:15,10.652523112160281,6.370479708832963,0.0,0.0
2020-5-24 15:50:25,8.524471254798732,6.370479708832963,0.0,0.0
2020-5-24 15:50:35,8.524471254798732,6.370479708832963,0.0,0.0
2020-5-24 15:50:45,8.524471254798732,6.370479708832963,0.0,0.0
2020-5-24 15:50:55,8.524471254798732,6.370479708832963,0.0,0.0
2020-5-24 15:51:5,10.652523112160281,6.370479708832963,0.0,0.0
2020-5-24 15:51:15,8.524471254798732,6.370479708832963,0.0,0.0
2020-5-24 15:51:25,8.524471254798732,6.370479708832963,0.0,0.0
2020-5-24 15:51:35,10.652523112160281,6.370479708832963,0.0,0.0
2020-5-24 15:51:45,8.524471254798732,6.370479708832963,0.0,0.0
2020-5-24 15:51:55,8.524471254798732,4.236948941954832,0.0,0.0
2020-5-24 15:52:5,8.524471254798732,6.370479708832963,0.0,0.0
2020-5-24 15:52:16,8.524471254798732,6.370479708832963,0.0,0.0
2020-5-24 15:52:26,8.524471254798732,6.370479708832963,0.0,0.0
2020-5-24 15:52:36,8.524471254798732,6.370479708832963,0.0,0.0
2020-5-24 15:52:46,8.524471254798732,6.370479708832963,0.0,0.0
2020-5-24 15:52:56,8.524471254798732,6.370479708832963,0.0,0.0
2020-5-24 15:53:6,8.524471254798732,6.370479708832963,0.0,0.0
2020-5-24 15:53:16,10.652523112160281,4.236948941954832,0.0,0.0
2020-5-24 15:53:26,8.524471254798732,6.370479708832963,0.0,0.0
2020-5-24 15:53:36,10.652523112160281,6.370479708832963,2.1978764759003036,0.0
2020-5-24 15:53:46,8.524471254798732,6.370479708832963,0.0,0.0
2020-5-24 15:53:56,8.524471254798732,6.370479708832963,0.0,0.0
2020-5-24 15:54:6,8.524471254798732,4.236948941954832,0.0,0.0
2020-5-24 15:54:16,8.524471254798732,6.370479708832963,0.0,0.0
2020-5-24 15:54:26,10.652523112160281,6.370479708832963,0.0,0.0
2020-5-24 15:54:36,8.524471254798732,6.370479708832963,0.0,0.0
2020-5-24 15:54:46,8.524471254798732,6.370479708832963,0.0,0.0
2020-5-24 15:54:56,10.652523112160281,4.236948941954832,0.0,0.0
2020-5-24 15:55:6,8.524471254798732,6.370479708832963,0.0,0.0
2020-5-24 15:55:16,8.524471254798732,6.370479708832963,0.0,0.0
2020-5-24 15:55:26,10.652523112160281,6.370479708832963,0.0,0.0
2020-5-24 15:55:36,8.524471254798732,6.370479708832963,0.0,0.0
2020-5-24 15:55:46,8.524471254798732,6.370479708832963,0.0,0.0
2020-5-24 15:55:56,10.652523112160281,6.370479708832963,0.0,0.0
2020-5-24 15:56:6,8.524471254798732,6.370479708832963,0.0,0.0
2020-5-24 15:56:16,8.524471254798732,6.370479708832963,0.0,0.0
2020-5-24 15:56:26,10.652523112160281,6.370479708832963,0.0,0.0
2020-5-24 15:56:36,8.524471254798732,6.370479708832963,0.0,0.0
2020-5-24 15:56:46,10.652523112160281,6.370479708832963,0.0,0.0
2020-5-24 15:56:56,8.524471254798732,6.370479708832963,0.0,0.0
2020-5-24 15:57:6,8.524471254798732,4.236948941954832,0.0,0.0
2020-5-24 15:57:16,8.524471254798732,4.236948941954832,0.0,0.0
2020-5-24 15:57:26,8.524471254798732,6.370479708832963,0.0,0.0
2020-5-24 15:57:36,10.652523112160281,6.370479708832963,0.0,0.0
2020-5-24 15:57:46,8.524471254798732,6.370479708832963,0.0,0.0
2020-5-24 15:57:56,8.524471254798732,6.370479708832963,0.0,0.0
2020-5-24 15:58:6,8.524471254798732,4.236948941954832,0.0,0.0
2020-5-24 15:58:16,8.524471254798732,6.370479708832963,0.0,0.0
2020-5-24 15:58:26,10.652523112160281,6.370479708832963,0.0,0.0
2020-5-24 15:58:36,8.524471254798732,6.370479708832963,0.0,0.0
2020-5-24 15:58:46,8.524471254798732,6.370479708832963,0.0,0.0
2020-5-24 15:58:56,10.652523112160281,6.370479708832963,0.0,0.0
2020-5-24 15:59:6,8.524471254798732,4.236948941954832,0.0,0.0
2020-5-24 15:59:16,10.652523112160281,4.236948941954832,0.0,0.0
2020-5-24 15:59:26,8.524471254798732,6.370479708832963,0.0,0.0
2020-5-24 15:59:36,8.524471254798732,6.370479708832963,0.0,0.0
2020-5-24 15:59:46,10.652523112160281,6.370479708832963,0.0,0.0
2020-5-24 15:59:56,8.524471254798732,6.370479708832963,0.0,0.0
2020-5-24 16:0:6,8.524471254798732,6.370479708832963,0.0,0.0
2020-5-24 16:0:16,8.524471254798732,6.370479708832963,0.0,0.0
2020-5-24 16:0:26,8.524471254798732,4.236948941954832,0.0,0.0
2020-5-24 16:0:36,8.524471254798732,6.370479708832963,0.0,0.0
2020-5-24 16:0:46,8.524471254798732,6.370479708832963,0.0,0.0
2020-5-24 16:0:56,8.524471254798732,6.370479708832963,0.0,0.0
2020-5-24 16:1:6,10.652523112160281,6.370479708832963,0.0,0.0
2020-5-24 16:1:16,8.524471254798732,4.236948941954832,0.0,0.0
2020-5-24 16:1:26,8.524471254798732,6.370479708832963,0.0,0.0
2020-5-24 16:1:36,10.652523112160281,6.370479708832963,0.0,0.0
2020-5-24 16:1:46,8.524471254798732,6.370479708832963,0.0,0.0
2020-5-24 16:1:56,8.524471254798732,6.370479708832963,0.0,0.0
2020-5-24 16:2:6,8.524471254798732,4.236948941954832,0.0,0.0
2020-5-24 16:2:16,8.524471254798732,4.236948941954832,0.0,0.0
2020-5-24 16:2:26,10.652523112160281,6.370479708832963,0.0,0.0
2020-5-24 16:2:36,8.524471254798732,6.370479708832963,0.0,0.0
2020-5-24 16:2:46,10.652523112160281,6.370479708832963,0.0,0.0
2020-5-24 16:2:56,8.524471254798732,6.370479708832963,0.0,0.0
2020-5-24 16:3:6,8.524471254798732,4.236948941954832,0.0,0.0
2020-5-24 16:3:16,10.652523112160281,6.370479708832963,0.0,0.0
2020-5-24 16:3:26,8.524471254798732,6.370479708832963,0.0,0.0
2020-5-24 16:3:36,10.652523112160281,6.370479708832963,0.0,0.0
2020-5-24 16:3:46,8.524471254798732,6.370479708832963,0.0,0.0
2020-5-24 16:3:56,8.524471254798732,6.370479708832963,0.0,0.0
2020-5-24 16:4:6,8.524471254798732,6.370479708832963,0.0,0.0
2020-5-24 16:4:16,8.524471254798732,4.236948941954832,0.0,0.0
2020-5-24 16:4:26,10.652523112160281,6.370479708832963,0.0,0.0
2020-5-24 16:4:36,8.524471254798732,6.370479708832963,0.0,0.0
2020-5-24 16:4:46,8.524471254798732,6.370479708832963,0.0,0.0
2020-5-24 16:4:56,8.524471254798732,6.370479708832963,0.0,0.0
2020-5-24 16:5:6,8.524471254798732,6.370479708832963,0.0,0.0
2020-5-24 16:5:16,10.652523112160281,6.370479708832963,0.0,0.0
2020-5-24 16:5:26,8.524471254798732,4.236948941954832,0.0,0.0
2020-5-24 16:5:36,8.524471254798732,6.370479708832963,0.0,0.0
2020-5-24 16:5:46,10.652523112160281,6.370479708832963,0.0,0.0
2020-5-24 16:5:56,8.524471254798732,6.370479708832963,0.0,0.0
2020-5-24 16:6:6,8.524471254798732,6.370479708832963,0.0,0.0
2020-5-24 16:6:16,10.652523112160281,4.236948941954832,2.1978764759003036,0.0
2020-5-24 16:6:26,8.524471254798732,6.370479708832963,0.0,0.0
2020-5-24 16:6:36,8.524471254798732,6.370479708832963,0.0,0.0
2020-5-24 16:6:46,10.652523112160281,6.370479708832963,0.0,0.0
2020-5-24 16:6:56,8.524471254798732,6.370479708832963,0.0,0.0
2020-5-24 16:7:6,10.652523112160281,4.236948941954832,0.0,0.0
2020-5-24 16:7:16,8.524471254798732,6.370479708832963,0.0,0.0
2020-5-24 16:7:26,8.524471254798732,6.370479708832963,0.0,0.0
2020-5-24 16:7:36,10.652523112160281,6.370479708832963,0.0,0.0
2020-5-24 16:7:46,8.524471254798732,6.370479708832963,0.0,0.0
2020-5-24 16:7:56,10.652523112160281,6.370479708832963,0.0,0.0
2020-5-24 16:8:6,8.524471254798732,4.236948941954832,0.0,0.0
2020-5-24 16:8:16,8.524471254798732,6.370479708832963,0.0,0.0
2020-5-24 16:8:26,8.524471254798732,6.370479708832963,0.0,0.0
2020-5-24 16:8:36,8.524471254798732,6.370479708832963,0.0,0.0
2020-5-24 16:8:46,10.652523112160281,6.370479708832963,0.0,0.0
2020-5-24 16:8:56,8.524471254798732,6.370479708832963,0.0,0.0
2020-5-24 16:9:6,10.652523112160281,6.370479708832963,0.0,0.0
2020-5-24 16:9:16,8.524471254798732,4.236948941954832,0.0,0.0
2020-5-24 16:9:26,8.524471254798732,6.370479708832963,0.0,0.0
2020-5-24 16:9:36,8.524471254798732,6.370479708832963,0.0,0.0
2020-5-24 16:9:46,8.524471254798732,6.370479708832963,0.0,0.0
2020-5-24 16:9:56,10.652523112160281,6.370479708832963,0.0,0.0
2020-5-24 16:10:6,8.524471254798732,4.236948941954832,0.0,0.0
2020-5-24 16:10:16,8.524471254798732,4.236948941954832,0.0,0.0
2020-5-24 16:10:26,10.652523112160281,6.370479708832963,0.0,0.0
2020-5-24 16:10:36,8.524471254798732,6.370479708832963,0.0,0.0
2020-5-24 16:10:46,8.524471254798732,6.370479708832963,0.0,0.0
2020-5-24 16:10:56,8.524471254798732,6.370479708832963,0.0,0.0
2020-5-24 16:11:6,8.524471254798732,6.370479708832963,0.0,0.0
2020-5-24 16:11:16,8.524471254798732,4.236948941954832,0.0,0.0
2020-5-24 16:11:26,8.524471254798732,6.370479708832963,0.0,0.0
2020-5-24 16:11:36,8.524471254798732,6.370479708832963,0.0,0.0
2020-5-24 16:11:46,8.524471254798732,6.370479708832963,0.0,0.0
2020-5-24 16:11:56,8.524471254798732,6.370479708832963,0.0,0.0
2020-5-24 16:12:6,10.652523112160281,6.370479708832963,0.0,0.0
2020-5-24 16:12:16,8.524471254798732,4.236948941954832,0.0,0.0
2020-5-24 16:12:26,8.524471254798732,6.370479708832963,0.0,0.0
2020-5-24 16:12:36,8.524471254798732,6.370479708832963,0.0,0.0
2020-5-24 16:12:46,8.524471254798732,6.370479708832963,0.0,0.0
2020-5-24 16:12:56,10.652523112160281,6.370479708832963,0.0,0.0
2020-5-24 16:13:6,8.524471254798732,4.236948941954832,0.0,0.0
2020-5-24 16:13:16,8.524471254798732,6.370479708832963,0.0,0.0
2020-5-24 16:13:26,8.524471254798732,6.370479708832963,0.0,0.0
2020-5-24 16:13:36,10.652523112160281,6.370479708832963,0.0,0.0
2020-5-24 16:13:47,8.524471254798732,6.370479708832963,0.0,0.0
2020-5-24 16:13:57,8.524471254798732,6.370479708832963,0.0,0.0
2020-5-24 16:14:7,10.652523112160281,4.236948941954832,0.0,0.0
2020-5-24 16:14:17,8.524471254798732,6.370479708832963,0.0,0.0
2020-5-24 16:14:27,8.524471254798732,6.370479708832963,0.0,0.0
2020-5-24 16:14:37,8.524471254798732,6.370479708832963,0.0,0.0
2020-5-24 16:14:47,8.524471254798732,6.370479708832963,0.0,0.0
2020-5-24 16:14:57,10.652523112160281,6.370479708832963,2.1978764759003036,0.0
2020-5-24 16:15:7,8.524471254798732,4.236948941954832,0.0,0.0
2020-5-24 16:15:17,8.524471254798732,4.236948941954832,0.0,0.0
2020-5-24 16:15:27,8.524471254798732,6.370479708832963,0.0,0.0
2020-5-24 16:15:37,8.524471254798732,6.370479708832963,0.0,0.0
2020-5-24 16:15:47,10.652523112160281,6.370479708832963,0.0,0.0
2020-5-24 16:15:57,8.524471254798732,6.370479708832963,0.0,0.0
2020-5-24 16:16:7,8.524471254798732,6.370479708832963,0.0,0.0
2020-5-24 16:16:17,10.652523112160281,4.236948941954832,0.0,0.0
2020-5-24 16:16:27,8.524471254798732,4.236948941954832,0.0,0.0
2020-5-24 16:16:37,44.69979109362845,6.370479708832963,0.0,33.88453166156256
2020-5-24 16:16:47,44.69979109362845,6.370479708832963,0.0,36.00143824084686
2020-5-24 16:16:57,44.69979109362845,6.370479708832963,0.0,36.00143824084686
2020-5-24 16:17:7,44.69979109362845,6.370479708832963,0.0,36.00143824084686
2020-5-24 16:17:17,44.69979109362845,6.370479708832963,0.0,33.88453166156256
2020-5-24 16:17:27,44.69979109362845,4.236948941954832,0.0,36.00143824084686
2020-5-24 16:17:37,44.69979109362845,6.370479708832963,0.0,36.00143824084686
2020-5-24 16:17:47,44.69979109362845,6.370479708832963,0.0,33.88453166156256
2020-5-24 16:17:57,44.69979109362845,6.370479708832963,0.0,36.00143824084686
2020-5-24 16:18:7,44.69979109362845,6.370479708832963,0.0,36.00143824084686
2020-5-24 16:18:17,44.69979109362845,6.370479708832963,0.0,33.88453166156256
2020-5-24 16:18:27,44.69979109362845,6.370479708832963,0.0,33.88453166156256
2020-5-24 16:18:37,44.69979109362845,4.236948941954832,0.0,36.00143824084686
2020-5-24 16:18:47,44.69979109362845,4.236948941954832,0.0,36.00143824084686
2020-5-24 16:18:57,44.69979109362845,6.370479708832963,0.0,36.00143824084686
2020-5-24 16:19:7,44.69979109362845,6.370479708832963,0.0,36.00143824084686
2020-5-24 16:19:17,44.69979109362845,6.370479708832963,0.0,33.88453166156256
2020-5-24 16:19:27,44.69979109362845,6.370479708832963,0.0,36.00143824084686
2020-5-24 16:19:37,42.57192296995122,4.236948941954832,0.0,33.88453166156256
2020-5-24 16:19:47,44.69979109362845,6.370479708832963,0.0,36.00143824084686
2020-5-24 16:19:57,44.69979109362845,6.370479708832963,0.0,36.00143824084686
2020-5-24 16:20:7,44.69979109362845,6.370479708832963,0.0,33.88453166156256
2020-5-24 16:20:17,44.69979109362845,6.370479708832963,0.0,36.00143824084686
2020-5-24 16:20:27,44.69979109362845,4.236948941954832,0.0,36.00143824084686
2020-5-24 16:20:37,44.69979109362845,4.236948941954832,0.0,33.88453166156256
2020-5-24 16:20:47,44.69979109362845,6.370479708832963,0.0,33.88453166156256
2020-5-24 16:20:57,44.69979109362845,6.370479708832963,0.0,36.00143824084686
2020-5-24 16:21:7,44.69979109362845,6.370479708832963,0.0,36.00143824084686
2020-5-24 16:21:17,44.69979109362845,6.370479708832963,0.0,36.00143824084686
2020-5-24 16:21:27,44.69979109362845,6.370479708832963,0.0,33.88453166156256
2020-5-24 16:21:37,44.69979109362845,4.236948941954832,0.0,36.00143824084686
2020-5-24 16:21:47,44.69979109362845,4.236948941954832,0.0,33.88453166156256
2020-5-24 16:21:57,44.69979109362845,6.370479708832963,0.0,36.00143824084686
2020-5-24 16:22:7,44.69979109362845,6.370479708832963,0.0,33.88453166156256
2020-5-24 16:22:17,44.69979109362845,6.370479708832963,0.0,36.00143824084686
2020-5-24 16:22:27,44.69979109362845,6.370479708832963,0.0,33.88453166156256
2020-5-24 16:22:37,44.69979109362845,4.236948941954832,0.0,36.00143824084686
2020-5-24 16:22:47,44.69979109362845,6.370479708832963,0.0,33.88453166156256
2020-5-24 16:22:57,44.69979109362845,6.370479708832963,0.0,36.00143824084686
2020-5-24 16:23:7,44.69979109362845,6.370479708832963,0.0,36.00143824084686
2020-5-24 16:23:17,44.69979109362845,6.370479708832963,0.0,36.00143824084686
2020-5-24 16:23:27,44.69979109362845,4.236948941954832,0.0,36.00143824084686
2020-5-24 16:23:37,42.57192296995122,4.236948941954832,0.0,36.00143824084686
2020-5-24 16:23:47,44.69979109362845,6.370479708832963,0.0,36.00143824084686
2020-5-24 16:23:57,44.69979109362845,6.370479708832963,0.0,33.88453166156256
2020-5-24 16:24:7,44.69979109362845,6.370479708832963,0.0,36.00143824084686
2020-5-24 16:24:17,44.69979109362845,6.370479708832963,0.0,36.00143824084686
2020-5-24 16:24:27,44.69979109362845,6.370479708832963,0.0,33.88453166156256
2020-5-24 16:24:37,44.69979109362845,6.370479708832963,0.0,36.00143824084686
2020-5-24 16:24:47,42.57192296995122,6.370479708832963,0.0,36.00143824084686
2020-5-24 16:24:57,44.69979109362845,6.370479708832963,0.0,36.00143824084686
2020-5-24 16:25:7,44.69979109362845,6.370479708832963,0.0,33.88453166156256
2020-5-24 16:25:17,44.69979109362845,6.370479708832963,0.0,33.88453166156256
2020-5-24 16:25:27,44.69979109362845,6.370479708832963,0.0,33.88453166156256
2020-5-24 16:25:37,42.57192296995122,4.236948941954832,0.0,33.88453166156256
2020-5-24 16:25:47,42.57192296995122,4.236948941954832,0.0,36.00143824084686
2020-5-24 16:25:57,42.57192296995122,4.236948941954832,0.0,36.00143824084686
2020-5-24 16:26:7,42.57192296995122,6.370479708832963,0.0,36.00143824084686
2020-5-24 16:26:17,42.57192296995122,6.370479708832963,0.0,36.00143824084686
2020-5-24 16:26:27,44.69979109362845,6.370479708832963,0.0,33.88453166156256
2020-5-24 16:26:37,44.69979109362845,6.370479708832963,0.0,33.88453166156256
2020-5-24 16:26:47,44.69979109362845,4.236948941954832,0.0,36.00143824084686
2020-5-24 16:26:57,44.69979109362845,4.236948941954832,0.0,36.00143824084686
2020-5-24 16:27:7,44.69979109362845,6.370479708832963,0.0,33.88453166156256
2020-5-24 16:27:17,44.69979109362845,6.370479708832963,0.0,36.00143824084686
2020-5-24 16:27:27,44.69979109362845,6.370479708832963,0.0,36.00143824084686
2020-5-24 16:27:37,44.69979109362845,6.370479708832963,0.0,36.00143824084686
2020-5-24 16:27:47,44.69979109362845,6.370479708832963,0.0,36.00143824084686
2020-5-24 16:27:57,44.69979109362845,6.370479708832963,0.0,36.00143824084686
2020-5-24 16:28:7,44.69979109362845,6.370479708832963,0.0,36.00143824084686
2020-5-24 16:28:17,44.69979109362845,6.370479708832963,0.0,33.88453166156256
2020-5-24 16:28:27,44.69979109362845,6.370479708832963,0.0,33.88453166156256
2020-5-24 16:28:37,44.69979109362845,6.370479708832963,0.0,33.88453166156256
2020-5-24 16:28:47,44.69979109362845,4.236948941954832,0.0,36.00143824084686
2020-5-24 16:28:57,44.69979109362845,6.370479708832963,0.0,36.00143824084686
2020-5-24 16:29:7,44.69979109362845,6.370479708832963,0.0,33.88453166156256
2020-5-24 16:29:17,42.57192296995122,6.370479708832963,0.0,33.88453166156256
2020-5-24 16:29:27,44.69979109362845,6.370479708832963,0.0,33.88453166156256
2020-5-24 16:29:37,44.69979109362845,6.370479708832963,0.0,36.00143824084686
2020-5-24 16:29:47,44.69979109362845,4.236948941954832,0.0,36.00143824084686
2020-5-24 16:29:57,44.69979109362845,6.370479708832963,0.0,36.00143824084686
2020-5-24 16:30:7,44.69979109362845,6.370479708832963,0.0,36.00143824084686
2020-5-24 16:30:17,44.69979109362845,6.370479708832963,0.0,36.00143824084686
2020-5-24 16:30:27,44.69979109362845,6.370479708832963,0.0,36.00143824084686
2020-5-24 16:30:37,42.57192296995122,6.370479708832963,0.0,33.88453166156256
2020-5-24 16:30:47,44.69979109362845,4.236948941954832,0.0,33.88453166156256
2020-5-24 16:30:57,44.69979109362845,6.370479708832963,0.0,36.00143824084686
2020-5-24 16:31:7,44.69979109362845,6.370479708832963,0.0,36.00143824084686
2020-5-24 16:31:17,44.69979109362845,6.370479708832963,0.0,33.88453166156256
2020-5-24 16:31:27,44.69979109362845,6.370479708832963,0.0,33.88453166156256
2020-5-24 16:31:37,44.69979109362845,6.370479708832963,0.0,36.00143824084686
2020-5-24 16:31:47,44.69979109362845,6.370479708832963,0.0,36.00143824084686
2020-5-24 16:31:57,42.57192296995122,4.236948941954832,0.0,36.00143824084686
2020-5-24 16:32:7,44.69979109362845,6.370479708832963,0.0,33.88453166156256
2020-5-24 16:32:17,44.69979109362845,6.370479708832963,0.0,33.88453166156256
2020-5-24 16:32:27,42.57192296995122,6.370479708832963,0.0,36.00143824084686
2020-5-24 16:32:37,44.69979109362845,6.370479708832963,0.0,36.00143824084686
2020-5-24 16:32:47,44.69979109362845,6.370479708832963,0.0,36.00143824084686
2020-5-24 16:32:57,44.69979109362845,4.236948941954832,0.0,33.88453166156256
2020-5-24 16:33:7,42.57192296995122,6.370479708832963,2.1978764759003036,33.88453166156256
2020-5-24 16:33:17,44.69979109362845,6.370479708832963,0.0,36.00143824084686
2020-5-24 16:33:27,44.69979109362845,6.370479708832963,0.0,36.00143824084686
2020-5-24 16:33:37,44.69979109362845,6.370479708832963,0.0,36.00143824084686
2020-5-24 16:33:47,44.69979109362845,6.370479708832963,0.0,36.00143824084686
2020-5-24 16:33:57,44.69979109362845,6.370479708832963,0.0,36.00143824084686
2020-5-24 16:34:7,44.69979109362845,6.370479708832963,0.0,33.88453166156256
2020-5-24 16:34:17,44.69979109362845,4.236948941954832,0.0,33.88453166156256
2020-5-24 16:34:27,44.69979109362845,6.370479708832963,0.0,33.88453166156256
2020-5-24 16:34:37,44.69979109362845,6.370479708832963,0.0,33.88453166156256
2020-5-24 16:34:47,44.69979109362845,6.370479708832963,0.0,36.00143824084686
2020-5-24 16:34:57,44.69979109362845,6.370479708832963,0.0,36.00143824084686
2020-5-24 16:35:7,44.69979109362845,6.370479708832963,0.0,36.00143824084686
2020-5-24 16:35:18,44.69979109362845,4.236948941954832,0.0,36.00143824084686
2020-5-24 16:35:28,44.69979109362845,6.370479708832963,0.0,33.88453166156256
2020-5-24 16:35:38,44.69979109362845,6.370479708832963,0.0,36.00143824084686
2020-5-24 16:35:48,44.69979109362845,6.370479708832963,0.0,36.00143824084686
2020-5-24 16:35:58,44.69979109362845,6.370479708832963,0.0,36.00143824084686
2020-5-24 16:36:8,44.69979109362845,6.370479708832963,0.0,33.88453166156256
2020-5-24 16:36:18,42.57192296995122,6.370479708832963,0.0,33.88453166156256
2020-5-24 16:36:28,44.69979109362845,6.370479708832963,0.0,36.00143824084686
2020-5-24 16:36:38,44.69979109362845,4.236948941954832,0.0,36.00143824084686
2020-5-24 16:36:48,42.57192296995122,6.370479708832963,0.0,36.00143824084686
2020-5-24 16:36:58,44.69979109362845,6.370479708832963,0.0,36.00143824084686
2020-5-24 16:37:8,44.69979109362845,6.370479708832963,0.0,36.00143824084686
2020-5-24 16:37:18,44.69979109362845,6.370479708832963,0.0,36.00143824084686
2020-5-24 16:37:28,44.69979109362845,4.236948941954832,0.0,36.00143824084686
2020-5-24 16:37:38,44.69979109362845,6.370479708832963,0.0,33.88453166156256
2020-5-24 16:37:48,44.69979109362845,6.370479708832963,0.0,33.88453166156256
2020-5-24 16:37:58,44.69979109362845,6.370479708832963,0.0,33.88453166156256
2020-5-24 16:38:8,44.69979109362845,6.370479708832963,0.0,33.88453166156256
2020-5-24 16:38:18,44.69979109362845,6.370479708832963,0.0,36.00143824084686
2020-5-24 16:38:28,44.69979109362845,6.370479708832963,0.0,33.88453166156256
2020-5-24 16:38:38,44.69979109362845,6.370479708832963,0.0,36.00143824084686
2020-5-24 16:38:48,44.69979109362845,6.370479708832963,0.0,36.00143824084686
2020-5-24 16:38:58,44.69979109362845,4.236948941954832,0.0,36.00143824084686
2020-5-24 16:39:8,44.69979109362845,6.370479708832963,0.0,33.88453166156256
2020-5-24 16:39:18,44.69979109362845,6.370479708832963,0.0,36.00143824084686
2020-5-24 16:39:28,44.69979109362845,6.370479708832963,0.0,33.88453166156256
2020-5-24 16:39:38,44.69979109362845,6.370479708832963,0.0,36.00143824084686
2020-5-24 16:39:48,42.57192296995122,4.236948941954832,0.0,36.00143824084686
2020-5-24 16:39:58,44.69979109362845,4.236948941954832,0.0,33.88453166156256
2020-5-24 16:40:8,44.69979109362845,6.370479708832963,0.0,33.88453166156256
2020-5-24 16:40:18,44.69979109362845,6.370479708832963,0.0,33.88453166156256
2020-5-24 16:40:28,42.57192296995122,6.370479708832963,0.0,33.88453166156256
2020-5-24 16:40:38,42.57192296995122,6.370479708832963,0.0,36.00143824084686
2020-5-24 16:40:48,42.57192296995122,6.370479708832963,0.0,36.00143824084686
2020-5-24 16:40:58,42.57192296995122,4.236948941954832,0.0,33.88453166156256
2020-5-24 16:41:8,42.57192296995122,6.370479708832963,0.0,33.88453166156256
2020-5-24 16:41:18,42.57192296995122,6.370479708832963,0.0,33.88453166156256
2020-5-24 16:41:28,44.69979109362845,6.370479708832963,0.0,33.88453166156256
2020-5-24 16:41:38,44.69979109362845,6.370479708832963,0.0,33.88453166156256
2020-5-24 16:41:48,44.69979109362845,6.370479708832963,0.0,33.88453166156256
2020-5-24 16:41:58,44.69979109362845,6.370479708832963,0.0,36.00143824084686
2020-5-24 16:42:8,44.69979109362845,4.236948941954832,0.0,36.00143824084686
2020-5-24 16:42:18,42.57192296995122,4.236948941954832,0.0,33.88453166156256
2020-5-24 16:42:28,42.57192296995122,6.370479708832963,0.0,33.88453166156256
2020-5-24 16:42:38,42.57192296995122,6.370479708832963,0.0,33.88453166156256
2020-5-24 16:42:48,42.57192296995122,6.370479708832963,0.0,33.88453166156256
2020-5-24 16:42:58,42.57192296995122,6.370479708832963,0.0,33.88453166156256
2020-5-24 16:43:8,44.69979109362845,6.370479708832963,0.0,33.88453166156256
2020-5-24 16:43:18,44.69979109362845,4.236948941954832,0.0,33.88453166156256
2020-5-24 16:43:28,42.57192296995122,6.370479708832963,0.0,33.88453166156256
2020-5-24 16:43:38,42.57192296995122,6.370479708832963,0.0,33.88453166156256
2020-5-24 16:43:48,42.57192296995122,6.370479708832963,0.0,36.00143824084686
2020-5-24 16:43:58,42.57192296995122,6.370479708832963,0.0,36.00143824084686
2020-5-24 16:44:8,42.57192296995122,6.370479708832963,0.0,36.00143824084686
2020-5-24 16:44:18,42.57192296995122,6.370479708832963,0.0,33.88453166156256
2020-5-24 16:44:28,42.57192296995122,6.370479708832963,0.0,33.88453166156256
2020-5-24 16:44:38,42.57192296995122,4.236948941954832,0.0,33.88453166156256
2020-5-24 16:44:48,42.57192296995122,6.370479708832963,0.0,33.88453166156256
2020-5-24 16:44:58,42.57192296995122,6.370479708832963,0.0,33.88453166156256
2020-5-24 16:45:8,42.57192296995122,6.370479708832963,0.0,33.88453166156256
2020-5-24 16:45:18,44.69979109362845,6.370479708832963,0.0,33.88453166156256
2020-5-24 16:45:28,42.57192296995122,6.370479708832963,0.0,33.88453166156256
2020-5-24 16:45:38,42.57192296995122,6.370479708832963,0.0,36.00143824084686
2020-5-24 16:45:48,42.57192296995122,6.370479708832963,0.0,36.00143824084686
2020-5-24 16:45:58,44.69979109362845,4.236948941954832,0.0,36.00143824084686
2020-5-24 16:46:8,44.69979109362845,4.236948941954832,0.0,36.00143824084686
2020-5-24 16:46:18,44.69979109362845,4.236948941954832,0.0,36.00143824084686
2020-5-24 16:46:28,44.69979109362845,4.236948941954832,0.0,33.88453166156256
2020-5-24 16:46:38,42.57192296995122,6.370479708832963,0.0,33.88453166156256
2020-5-24 16:46:48,42.57192296995122,6.370479708832963,0.0,33.88453166156256
2020-5-24 16:46:58,42.57192296995122,6.370479708832963,0.0,33.88453166156256
2020-5-24 16:47:8,44.69979109362845,6.370479708832963,0.0,33.88453166156256
2020-5-24 16:47:18,44.69979109362845,6.370479708832963,0.0,33.88453166156256
2020-5-24 16:47:28,42.57192296995122,6.370479708832963,0.0,33.88453166156256
2020-5-24 16:47:38,44.69979109362845,6.370479708832963,0.0,33.88453166156256
2020-5-24 16:47:48,42.57192296995122,6.370479708832963,0.0,33.88453166156256
2020-5-24 16:47:58,44.69979109362845,4.236948941954832,0.0,36.00143824084686
2020-5-24 16:48:8,44.69979109362845,6.370479708832963,0.0,33.88453166156256
2020-5-24 16:48:18,42.57192296995122,6.370479708832963,0.0,36.00143824084686
2020-5-24 16:48:28,1986.8867945654833,6.370479708832963,1937.2360527127105,33.88453166156256
2020-5-24 16:48:38,1989.0041439357337,6.370479708832963,1937.2360527127105,33.88453166156256
2020-5-24 16:48:48,1989.0041439357337,6.370479708832963,1937.2360527127105,33.88453166156256
2020-5-24 16:48:58,1989.0041439357337,6.370479708832963,1937.2360527127105,33.88453166156256
2020-5-24 16:49:8,1984.7694337118778,6.370479708832963,1935.0977503562967,33.88453166156256
2020-5-24 16:49:18,1984.7694337118778,6.370479708832963,1935.0977503562967,33.88453166156256
2020-5-24 16:49:28,1984.7694337118778,6.370479708832963,1935.0977503562967,33.88453166156256
2020-5-24 16:49:38,1989.0041439357337,6.370479708832963,1937.2360527127105,33.88453166156256
2020-5-24 16:49:48,1989.0041439357337,4.236948941954832,1937.2360527127105,33.88453166156256
2020-5-24 16:49:58,1986.8867945654833,4.236948941954832,1937.2360527127105,33.88453166156256
2020-5-24 16:50:8,1986.8867945654833,6.370479708832963,1937.2360527127105,33.88453166156256
2020-5-24 16:50:18,1984.7694337118778,6.370479708832963,1935.0977503562967,33.88453166156256
2020-5-24 16:50:28,1982.652061374917,6.370479708832963,1932.9594378068375,33.88453166156256
2020-5-24 16:50:38,44.69979109362845,6.370479708832963,0.0,33.88453166156256
2020-5-24 16:50:48,42.57192296995122,6.370479708832963,0.0,33.88453166156256
2020-5-24 16:50:58,42.57192296995122,6.370479708832963,0.0,36.00143824084686
2020-5-24 16:51:8,44.69979109362845,6.370479708832963,0.0,33.88453166156256
2020-5-24 16:51:18,42.57192296995122,6.370479708832963,0.0,33.88453166156256
2020-5-24 16:51:28,44.69979109362845,4.236948941954832,0.0,36.00143824084686
2020-5-24 16:51:38,44.69979109362845,4.236948941954832,0.0,33.88453166156256
2020-5-24 16:51:48,42.57192296995122,6.370479708832963,0.0,36.00143824084686
2020-5-24 16:51:58,44.69979109362845,6.370479708832963,0.0,36.00143824084686
2020-5-24 16:52:8,42.57192296995122,6.370479708832963,0.0,33.88453166156256
2020-5-24 16:52:18,44.69979109362845,6.370479708832963,0.0,36.00143824084686
2020-5-24 16:52:28,42.57192296995122,6.370479708832963,0.0,36.00143824084686
2020-5-24 16:52:38,44.69979109362845,6.370479708832963,0.0,36.00143824084686
2020-5-24 16:52:48,42.57192296995122,4.236948941954832,0.0,33.88453166156256
2020-5-24 16:52:58,42.57192296995122,6.370479708832963,0.0,33.88453166156256
2020-5-24 16:53:8,42.57192296995122,6.370479708832963,0.0,33.88453166156256
2020-5-24 16:53:18,42.57192296995122,6.370479708832963,0.0,33.88453166156256
2020-5-24 16:53:28,42.57192296995122,6.370479708832963,0.0,33.88453166156256
2020-5-24 16:53:38,44.69979109362845,6.370479708832963,0.0,36.00143824084686
2020-5-24 16:53:48,44.69979109362845,6.370479708832963,0.0,33.88453166156256
2020-5-24 16:53:58,42.57192296995122,6.370479708832963,0.0,33.88453166156256
2020-5-24 16:54:8,44.69979109362845,4.236948941954832,0.0,36.00143824084686
2020-5-24 16:54:18,44.69979109362845,6.370479708832963,0.0,33.88453166156256
2020-5-24 16:54:28,42.57192296995122,6.370479708832963,0.0,36.00143824084686
2020-5-24 16:54:38,44.69979109362845,6.370479708832963,0.0,33.88453166156256
2020-5-24 16:54:48,42.57192296995122,6.370479708832963,0.0,36.00143824084686
2020-5-24 16:54:58,44.69979109362845,6.370479708832963,0.0,33.88453166156256
2020-5-24 16:55:8,42.57192296995122,4.236948941954832,0.0,33.88453166156256
2020-5-24 16:55:18,44.69979109362845,6.370479708832963,0.0,33.88453166156256
2020-5-24 16:55:28,42.57192296995122,6.370479708832963,0.0,33.88453166156256
2020-5-24 16:55:38,44.69979109362845,6.370479708832963,0.0,33.88453166156256
2020-5-24 16:55:48,42.57192296995122,6.370479708832963,0.0,33.88453166156256
2020-5-24 16:55:58,44.69979109362845,6.370479708832963,0.0,36.00143824084686
2020-5-24 16:56:9,42.57192296995122,6.370479708832963,0.0,33.88453166156256
2020-5-24 16:56:19,44.69979109362845,6.370479708832963,0.0,33.88453166156256
2020-5-24 16:56:29,42.57192296995122,4.236948941954832,0.0,36.00143824084686
2020-5-24 16:56:39,44.69979109362845,4.236948941954832,0.0,33.88453166156256
2020-5-24 16:56:49,44.69979109362845,4.236948941954832,0.0,33.88453166156256
2020-5-24 16:56:59,44.69979109362845,6.370479708832963,0.0,36.00143824084686
2020-5-24 16:57:9,44.69979109362845,6.370479708832963,2.1978764759003036,33.88453166156256
2020-5-24 16:57:19,42.57192296995122,6.370479708832963,0.0,33.88453166156256
2020-5-24 16:57:29,42.57192296995122,6.370479708832963,0.0,36.00143824084686
2020-5-24 16:57:39,44.69979109362845,6.370479708832963,0.0,33.88453166156256
2020-5-24 16:57:49,44.69979109362845,6.370479708832963,0.0,33.88453166156256
2020-5-24 16:57:59,42.57192296995122,4.236948941954832,0.0,33.88453166156256
2020-5-24 16:58:9,42.57192296995122,6.370479708832963,0.0,33.88453166156256
2020-5-24 16:58:19,44.69979109362845,4.236948941954832,0.0,36.00143824084686
2020-5-24 16:58:29,42.57192296995122,6.370479708832963,0.0,33.88453166156256
2020-5-24 16:58:39,44.69979109362845,6.370479708832963,0.0,33.88453166156256
2020-5-24 16:58:49,44.69979109362845,6.370479708832963,0.0,36.00143824084686
2020-5-24 16:58:59,42.57192296995122,6.370479708832963,0.0,33.88453166156256
2020-5-24 16:59:9,42.57192296995122,6.370479708832963,0.0,33.88453166156256
2020-5-24 16:59:19,44.69979109362845,6.370479708832963,0.0,33.88453166156256
2020-5-24 16:59:29,44.69979109362845,4.236948941954832,0.0,36.00143824084686
2020-5-24 16:59:39,42.57192296995122,4.236948941954832,0.0,33.88453166156256
2020-5-24 16:59:49,44.69979109362845,6.370479708832963,0.0,33.88453166156256
2020-5-24 16:59:59,44.69979109362845,6.370479708832963,0.0,36.00143824084686
2020-5-24 17:0:9,42.57192296995122,6.370479708832963,0.0,36.00143824084686
2020-5-24 17:0:19,42.57192296995122,6.370479708832963,0.0,33.88453166156256
2020-5-24 17:0:29,42.57192296995122,6.370479708832963,0.0,33.88453166156256
2020-5-24 17:0:39,44.69979109362845,4.236948941954832,0.0,33.88453166156256
2020-5-24 17:0:49,44.69979109362845,4.236948941954832,0.0,33.88453166156256
2020-5-24 17:0:59,44.69979109362845,6.370479708832963,0.0,33.88453166156256
2020-5-24 17:1:9,42.57192296995122,6.370479708832963,0.0,33.88453166156256
2020-5-24 17:1:19,42.57192296995122,6.370479708832963,0.0,36.00143824084686
2020-5-24 17:1:29,42.57192296995122,6.370479708832963,0.0,36.00143824084686
2020-5-24 17:1:39,42.57192296995122,6.370479708832963,0.0,33.88453166156256
2020-5-24 17:1:49,42.57192296995122,6.370479708832963,0.0,33.88453166156256
2020-5-24 17:1:59,42.57192296995122,4.236948941954832,0.0,33.88453166156256
2020-5-24 17:2:9,42.57192296995122,4.236948941954832,0.0,33.88453166156256
2020-5-24 17:2:19,42.57192296995122,4.236948941954832,0.0,33.88453166156256
2020-5-24 17:2:29,42.57192296995122,6.370479708832963,0.0,33.88453166156256
2020-5-24 17:2:39,44.69979109362845,6.370479708832963,0.0,33.88453166156256
2020-5-24 17:2:49,44.69979109362845,6.370479708832963,0.0,33.88453166156256
2020-5-24 17:2:59,42.57192296995122,6.370479708832963,0.0,36.00143824084686
2020-5-24 17:3:9,42.57192296995122,4.236948941954832,0.0,36.00143824084686
2020-5-24 17:3:19,44.69979109362845,6.370479708832963,0.0,36.00143824084686
2020-5-24 17:3:29,44.69979109362845,6.370479708832963,0.0,33.88453166156256
2020-5-24 17:3:39,44.69979109362845,6.370479708832963,0.0,33.88453166156256
2020-5-24 17:3:49,42.57192296995122,6.370479708832963,0.0,33.88453166156256
2020-5-24 17:3:59,44.69979109362845,6.370479708832963,0.0,36.00143824084686
2020-5-24 17:4:9,44.69979109362845,6.370479708832963,0.0,36.00143824084686
2020-5-24 17:4:19,44.69979109362845,6.370479708832963,0.0,36.00143824084686
2020-5-24 17:4:29,44.69979109362845,6.370479708832963,0.0,36.00143824084686
2020-5-24 17:4:39,44.69979109362845,6.370479708832963,0.0,36.00143824084686
2020-5-24 17:4:49,44.69979109362845,6.370479708832963,0.0,33.88453166156256
2020-5-24 17:4:59,42.57192296995122,6.370479708832963,0.0,33.88453166156256
2020-5-24 17:5:9,42.57192296995122,6.370479708832963,0.0,33.88453166156256
2020-5-24 17:5:19,44.69979109362845,6.370479708832963,0.0,33.88453166156256
2020-5-24 17:5:29,44.69979109362845,6.370479708832963,0.0,33.88453166156256
2020-5-24 17:5:39,44.69979109362845,6.370479708832963,0.0,36.00143824084686
2020-5-24 17:5:49,44.69979109362845,4.236948941954832,0.0,36.00143824084686
2020-5-24 17:5:59,42.57192296995122,6.370479708832963,0.0,33.88453166156256
2020-5-24 17:6:9,42.57192296995122,6.370479708832963,0.0,33.88453166156256
2020-5-24 17:6:19,44.69979109362845,6.370479708832963,0.0,33.88453166156256
2020-5-24 17:6:29,44.69979109362845,6.370479708832963,0.0,33.88453166156256
2020-5-24 17:6:39,44.69979109362845,6.370479708832963,0.0,33.88453166156256
2020-5-24 17:6:49,44.69979109362845,6.370479708832963,0.0,33.88453166156256
2020-5-24 17:6:59,44.69979109362845,4.236948941954832,0.0,33.88453166156256
2020-5-24 17:7:9,44.69979109362845,4.236948941954832,0.0,33.88453166156256
2020-5-24 17:7:19,42.57192296995122,6.370479708832963,0.0,33.88453166156256
2020-5-24 17:7:29,42.57192296995122,6.370479708832963,0.0,33.88453166156256
2020-5-24 17:7:39,42.57192296995122,6.370479708832963,0.0,36.00143824084686
2020-5-24 17:7:49,42.57192296995122,6.370479708832963,0.0,33.88453166156256
2020-5-24 17:7:59,42.57192296995122,6.370479708832963,0.0,33.88453166156256
2020-5-24 17:8:9,42.57192296995122,6.370479708832963,0.0,36.00143824084686
2020-5-24 17:8:19,42.57192296995122,6.370479708832963,0.0,33.88453166156256
2020-5-24 17:8:29,44.69979109362845,6.370479708832963,0.0,33.88453166156256
2020-5-24 17:8:39,44.69979109362845,6.370479708832963,0.0,33.88453166156256
2020-5-24 17:8:49,42.57192296995122,4.236948941954832,0.0,33.88453166156256
2020-5-24 17:8:59,42.57192296995122,6.370479708832963,0.0,33.88453166156256
2020-5-24 17:9:9,42.57192296995122,6.370479708832963,0.0,33.88453166156256
2020-5-24 17:9:19,42.57192296995122,6.370479708832963,0.0,33.88453166156256
2020-5-24 17:9:29,42.57192296995122,6.370479708832963,0.0,33.88453166156256
2020-5-24 17:9:39,44.69979109362845,6.370479708832963,0.0,33.88453166156256
2020-5-24 17:9:49,44.69979109362845,6.370479708832963,2.1978764759003036,33.88453166156256
2020-5-24 17:9:59,42.57192296995122,6.370479708832963,0.0,33.88453166156256
2020-5-24 17:10:9,42.57192296995122,4.236948941954832,0.0,33.88453166156256
2020-5-24 17:10:19,42.57192296995122,6.370479708832963,0.0,33.88453166156256
2020-5-24 17:10:29,44.69979109362845,6.370479708832963,0.0,33.88453166156256
2020-5-24 17:10:39,44.69979109362845,6.370479708832963,0.0,33.88453166156256
2020-5-24 17:10:49,42.57192296995122,4.236948941954832,0.0,33.88453166156256
2020-5-24 17:10:59,42.57192296995122,6.370479708832963,0.0,33.88453166156256
2020-5-24 17:11:9,42.57192296995122,6.370479708832963,0.0,33.88453166156256
2020-5-24 17:11:19,44.69979109362845,6.370479708832963,0.0,36.00143824084686
2020-5-24 17:11:29,42.57192296995122,6.370479708832963,0.0,33.88453166156256
2020-5-24 17:11:39,44.69979109362845,6.370479708832963,0.0,33.88453166156256
2020-5-24 17:11:49,42.57192296995122,4.236948941954832,0.0,33.88453166156256
2020-5-24 17:11:59,42.57192296995122,4.236948941954832,0.0,36.00143824084686
2020-5-24 17:12:9,44.69979109362845,6.370479708832963,0.0,33.88453166156256
2020-5-24 17:12:19,44.69979109362845,6.370479708832963,0.0,33.88453166156256
2020-5-24 17:12:29,42.57192296995122,6.370479708832963,0.0,33.88453166156256
2020-5-24 17:12:39,42.57192296995122,6.370479708832963,2.1978764759003036,33.88453166156256
2020-5-24 17:12:49,44.69979109362845,6.370479708832963,0.0,36.00143824084686
2020-5-24 17:12:59,42.57192296995122,4.236948941954832,0.0,33.88453166156256
2020-5-24 17:13:9,42.57192296995122,6.370479708832963,0.0,33.88453166156256
2020-5-24 17:13:19,44.69979109362845,6.370479708832963,0.0,33.88453166156256
2020-5-24 17:13:29,42.57192296995122,6.370479708832963,0.0,36.00143824084686
2020-5-24 17:13:39,42.57192296995122,6.370479708832963,0.0,33.88453166156256
2020-5-24 17:13:49,42.57192296995122,6.370479708832963,0.0,33.88453166156256
2020-5-24 17:13:59,42.57192296995122,4.236948941954832,0.0,33.88453166156256
2020-5-24 17:14:9,42.57192296995122,6.370479708832963,0.0,33.88453166156256
2020-5-24 17:14:19,42.57192296995122,6.370479708832963,0.0,33.88453166156256
2020-5-24 17:14:29,42.57192296995122,6.370479708832963,0.0,33.88453166156256
2020-5-24 17:14:39,44.69979109362845,6.370479708832963,0.0,33.88453166156256
2020-5-24 17:14:49,44.69979109362845,6.370479708832963,0.0,33.88453166156256
2020-5-24 17:14:59,42.57192296995122,6.370479708832963,0.0,36.00143824084686
2020-5-24 17:15:9,42.57192296995122,4.236948941954832,0.0,33.88453166156256
2020-5-24 17:15:19,44.69979109362845,4.236948941954832,0.0,33.88453166156256
2020-5-24 17:15:29,44.69979109362845,4.236948941954832,0.0,33.88453166156256
2020-5-24 17:15:39,44.69979109362845,6.370479708832963,0.0,33.88453166156256
2020-5-24 17:15:49,44.69979109362845,6.370479708832963,0.0,33.88453166156256
2020-5-24 17:15:59,44.69979109362845,6.370479708832963,0.0,33.88453166156256
2020-5-24 17:16:9,44.69979109362845,6.370479708832963,0.0,33.88453166156256
2020-5-24 17:16:19,44.69979109362845,6.370479708832963,0.0,36.00143824084686
2020-5-24 17:16:29,44.69979109362845,6.370479708832963,0.0,36.00143824084686
2020-5-24 17:16:39,44.69979109362845,4.236948941954832,0.0,36.00143824084686
2020-5-24 17:16:50,44.69979109362845,4.236948941954832,0.0,36.00143824084686
2020-5-24 17:17:0,44.69979109362845,4.236948941954832,0.0,36.00143824084686
2020-5-24 17:17:10,42.57192296995122,6.370479708832963,0.0,36.00143824084686
2020-5-24 17:17:20,42.57192296995122,6.370479708832963,0.0,36.00143824084686
2020-5-24 17:17:30,42.57192296995122,6.370479708832963,0.0,33.88453166156256
2020-5-24 17:17:40,44.69979109362845,6.370479708832963,0.0,33.88453166156256
2020-5-24 17:17:50,44.69979109362845,6.370479708832963,0.0,33.88453166156256
2020-5-24 17:18:0,42.57192296995122,6.370479708832963,0.0,36.00143824084686
2020-5-24 17:18:10,44.69979109362845,6.370479708832963,0.0,33.88453166156256
2020-5-24 17:18:20,44.69979109362845,6.370479708832963,0.0,33.88453166156256
2020-5-24 17:18:30,44.69979109362845,6.370479708832963,0.0,33.88453166156256
2020-5-24 17:18:40,42.57192296995122,4.236948941954832,0.0,33.88453166156256
2020-5-24 17:18:50,42.57192296995122,4.236948941954832,0.0,36.00143824084686
2020-5-24 17:19:0,44.69979109362845,6.370479708832963,0.0,33.88453166156256
2020-5-24 17:19:10,42.57192296995122,6.370479708832963,0.0,36.00143824084686
2020-5-24 17:19:20,44.69979109362845,6.370479708832963,0.0,33.88453166156256
2020-5-24 17:19:30,42.57192296995122,6.370479708832963,0.0,33.88453166156256
2020-5-24 17:19:40,44.69979109362845,6.370479708832963,0.0,33.88453166156256
2020-5-24 17:19:50,42.57192296995122,6.370479708832963,0.0,33.88453166156256
2020-5-24 17:20:0,42.57192296995122,4.236948941954832,0.0,33.88453166156256
2020-5-24 17:20:10,42.57192296995122,4.236948941954832,0.0,33.88453166156256
2020-5-24 17:20:20,42.57192296995122,6.370479708832963,0.0,33.88453166156256
2020-5-24 17:20:30,44.69979109362845,6.370479708832963,0.0,36.00143824084686
2020-5-24 17:20:40,42.57192296995122,6.370479708832963,0.0,33.88453166156256
2020-5-24 17:20:50,44.69979109362845,6.370479708832963,0.0,36.00143824084686
2020-5-24 17:21:0,42.57192296995122,6.370479708832963,0.0,33.88453166156256
2020-5-24 17:21:10,44.69979109362845,6.370479708832963,0.0,33.88453166156256
2020-5-24 17:21:20,44.69979109362845,6.370479708832963,0.0,33.88453166156256
2020-5-24 17:21:30,42.57192296995122,4.236948941954832,0.0,33.88453166156256
2020-5-24 17:21:40,44.69979109362845,6.370479708832963,0.0,33.88453166156256
2020-5-24 17:21:50,44.69979109362845,6.370479708832963,0.0,33.88453166156256
2020-5-24 17:22:0,42.57192296995122,6.370479708832963,0.0,33.88453166156256
2020-5-24 17:22:10,44.69979109362845,6.370479708832963,0.0,36.00143824084686
2020-5-24 17:22:20,42.57192296995122,6.370479708832963,0.0,33.88453166156256
2020-5-24 17:22:30,42.57192296995122,6.370479708832963,0.0,33.88453166156256
2020-5-24 17:22:40,42.57192296995122,4.236948941954832,0.0,33.88453166156256
2020-5-24 17:22:50,44.69979109362845,4.236948941954832,0.0,33.88453166156256
2020-5-24 17:23:0,42.57192296995122,6.370479708832963,0.0,33.88453166156256
2020-5-24 17:23:10,42.57192296995122,6.370479708832963,0.0,33.88453166156256
2020-5-24 17:23:20,44.69979109362845,6.370479708832963,0.0,33.88453166156256
2020-5-24 17:23:30,42.57192296995122,6.370479708832963,0.0,33.88453166156256
2020-5-24 17:23:40,42.57192296995122,6.370479708832963,0.0,33.88453166156256
2020-5-24 17:23:50,44.69979109362845,4.236948941954832,0.0,33.88453166156256
2020-5-24 17:24:0,42.57192296995122,6.370479708832963,0.0,33.88453166156256
2020-5-24 17:24:10,44.69979109362845,6.370479708832963,0.0,33.88453166156256
2020-5-24 17:24:20,1563.584301917051,6.370479708832963,1513.6533911746635,31.76761920587061
2020-5-24 17:24:30,1963.5951935912822,6.370479708832963,1913.7141661746516,33.88453166156256
2020-5-24 17:24:40,1961.4777064207688,6.370479708832963,1911.5757516947363,33.88453166156256
2020-5-24 17:24:50,1963.5951935912822,6.370479708832963,1913.7141661746516,33.88453166156256
2020-5-24 17:25:0,1959.3602077669,6.370479708832963,1909.4373270217754,33.88453166156256
2020-5-24 17:25:10,1963.5951935912822,4.236948941954832,1911.5757516947363,33.88453166156256
2020-5-24 17:25:20,1961.4777064207688,4.236948941954832,1911.5757516947363,33.88453166156256
2020-5-24 17:25:30,1961.4777064207688,6.370479708832963,1911.5757516947363,33.88453166156256
2020-5-24 17:25:40,42.57192296995122,6.370479708832963,0.0,33.88453166156256
2020-5-24 17:25:50,44.69979109362845,6.370479708832963,0.0,33.88453166156256
2020-5-24 17:26:0,42.57192296995122,6.370479708832963,0.0,33.88453166156256
2020-5-24 17:26:10,42.57192296995122,6.370479708832963,0.0,33.88453166156256
2020-5-24 17:26:20,42.57192296995122,6.370479708832963,0.0,36.00143824084686
2020-5-24 17:26:30,42.57192296995122,4.236948941954832,0.0,33.88453166156256
2020-5-24 17:26:40,44.69979109362845,4.236948941954832,0.0,33.88453166156256
2020-5-24 17:26:50,42.57192296995122,6.370479708832963,0.0,33.88453166156256
2020-5-24 17:27:0,42.57192296995122,6.370479708832963,0.0,33.88453166156256
2020-5-24 17:27:10,42.57192296995122,6.370479708832963,0.0,33.88453166156256
2020-5-24 17:27:20,42.57192296995122,6.370479708832963,0.0,33.88453166156256
2020-5-24 17:27:30,44.69979109362845,6.370479708832963,0.0,33.88453166156256
2020-5-24 17:27:40,44.69979109362845,4.236948941954832,0.0,33.88453166156256
2020-5-24 17:27:50,44.69979109362845,6.370479708832963,0.0,33.88453166156256
2020-5-24 17:28:0,42.57192296995122,6.370479708832963,0.0,33.88453166156256
2020-5-24 17:28:10,42.57192296995122,6.370479708832963,0.0,33.88453166156256
2020-5-24 17:28:20,44.69979109362845,6.370479708832963,0.0,33.88453166156256
2020-5-24 17:28:30,42.57192296995122,6.370479708832963,0.0,33.88453166156256
2020-5-24 17:28:40,42.57192296995122,6.370479708832963,0.0,36.00143824084686
2020-5-24 17:28:50,42.57192296995122,6.370479708832963,0.0,33.88453166156256
2020-5-24 17:29:0,44.69979109362845,6.370479708832963,0.0,33.88453166156256
2020-5-24 17:29:10,42.57192296995122,4.236948941954832,0.0,33.88453166156256
2020-5-24 17:29:20,42.57192296995122,6.370479708832963,0.0,36.00143824084686
2020-5-24 17:29:30,42.57192296995122,6.370479708832963,0.0,33.88453166156256
2020-5-24 17:29:40,44.69979109362845,6.370479708832963,0.0,33.88453166156256
2020-5-24 17:29:50,42.57192296995122,6.370479708832963,0.0,33.88453166156256
2020-5-24 17:30:0,42.57192296995122,6.370479708832963,0.0,33.88453166156256
2020-5-24 17:30:10,42.57192296995122,6.370479708832963,0.0,33.88453166156256
2020-5-24 17:30:20,44.69979109362845,6.370479708832963,0.0,33.88453166156256
2020-5-24 17:30:30,42.57192296995122,6.370479708832963,0.0,33.88453166156256
2020-5-24 17:30:40,42.57192296995122,6.370479708832963,0.0,33.88453166156256
2020-5-24 17:30:50,44.69979109362845,4.236948941954832,0.0,33.88453166156256
2020-5-24 17:31:0,42.57192296995122,6.370479708832963,0.0,33.88453166156256
2020-5-24 17:31:10,42.57192296995122,6.370479708832963,0.0,33.88453166156256
2020-5-24 17:31:20,42.57192296995122,6.370479708832963,0.0,33.88453166156256
2020-5-24 17:31:30,42.57192296995122,6.370479708832963,0.0,33.88453166156256
2020-5-24 17:31:40,44.69979109362845,4.236948941954832,0.0,33.88453166156256
2020-5-24 17:31:50,42.57192296995122,4.236948941954832,0.0,33.88453166156256
2020-5-24 17:32:0,42.57192296995122,6.370479708832963,0.0,33.88453166156256
2020-5-24 17:32:10,42.57192296995122,6.370479708832963,0.0,33.88453166156256
2020-5-24 17:32:20,44.69979109362845,6.370479708832963,0.0,33.88453166156256
2020-5-24 17:32:30,42.57192296995122,6.370479708832963,0.0,36.00143824084686
2020-5-24 17:32:40,42.57192296995122,6.370479708832963,0.0,33.88453166156256
2020-5-24 17:32:50,42.57192296995122,6.370479708832963,0.0,33.88453166156256
2020-5-24 17:33:0,42.57192296995122,4.236948941954832,0.0,33.88453166156256
2020-5-24 17:33:10,42.57192296995122,6.370479708832963,0.0,33.88453166156256
2020-5-24 17:33:20,42.57192296995122,6.370479708832963,0.0,36.00143824084686
2020-5-24 17:33:30,42.57192296995122,6.370479708832963,0.0,33.88453166156256
2020-5-24 17:33:40,42.57192296995122,6.370479708832963,0.0,33.88453166156256
2020-5-24 17:33:50,42.57192296995122,6.370479708832963,0.0,33.88453166156256
2020-5-24 17:34:0,42.57192296995122,4.236948941954832,2.1978764759003036,33.88453166156256
2020-5-24 17:34:10,42.57192296995122,4.236948941954832,0.0,33.88453166156256
2020-5-24 17:34:20,42.57192296995122,6.370479708832963,0.0,33.88453166156256
2020-5-24 17:34:30,44.69979109362845,6.370479708832963,0.0,36.00143824084686
2020-5-24 17:34:40,44.69979109362845,6.370479708832963,0.0,33.88453166156256
2020-5-24 17:34:50,44.69979109362845,6.370479708832963,0.0,33.88453166156256
2020-5-24 17:35:0,42.57192296995122,6.370479708832963,0.0,36.00143824084686
2020-5-24 17:35:10,44.69979109362845,6.370479708832963,0.0,33.88453166156256
2020-5-24 17:35:20,42.57192296995122,4.236948941954832,0.0,36.00143824084686
2020-5-24 17:35:30,44.69979109362845,4.236948941954832,0.0,33.88453166156256
2020-5-24 17:35:40,44.69979109362845,6.370479708832963,0.0,33.88453166156256
2020-5-24 17:35:50,42.57192296995122,6.370479708832963,0.0,36.00143824084686
2020-5-24 17:36:0,44.69979109362845,6.370479708832963,0.0,33.88453166156256
2020-5-24 17:36:10,44.69979109362845,6.370479708832963,0.0,33.88453166156256
2020-5-24 17:36:20,42.57192296995122,6.370479708832963,0.0,33.88453166156256
2020-5-24 17:36:30,44.69979109362845,6.370479708832963,0.0,36.00143824084686
2020-5-24 17:36:40,42.57192296995122,4.236948941954832,0.0,33.88453166156256
2020-5-24 17:36:50,44.69979109362845,4.236948941954832,0.0,33.88453166156256
2020-5-24 17:37:1,44.69979109362845,6.370479708832963,0.0,36.00143824084686
2020-5-24 17:37:11,42.57192296995122,6.370479708832963,0.0,33.88453166156256
2020-5-24 17:37:21,42.57192296995122,6.370479708832963,0.0,33.88453166156256
2020-5-24 17:37:31,44.69979109362845,6.370479708832963,0.0,36.00143824084686
2020-5-24 17:37:41,44.69979109362845,6.370479708832963,0.0,33.88453166156256
2020-5-24 17:37:51,42.57192296995122,6.370479708832963,0.0,36.00143824084686
2020-5-24 17:38:1,42.57192296995122,6.370479708832963,0.0,33.88453166156256
2020-5-24 17:38:11,44.69979109362845,4.236948941954832,0.0,33.88453166156256
2020-5-24 17:38:21,42.57192296995122,4.236948941954832,0.0,36.00143824084686
2020-5-24 17:38:31,44.69979109362845,6.370479708832963,0.0,33.88453166156256
2020-5-24 17:38:41,44.69979109362845,6.370479708832963,0.0,33.88453166156256
2020-5-24 17:38:51,42.57192296995122,6.370479708832963,0.0,33.88453166156256
2020-5-24 17:39:1,42.57192296995122,6.370479708832963,0.0,36.00143824084686
2020-5-24 17:39:11,42.57192296995122,4.236948941954832,2.1978764759003036,33.88453166156256
2020-5-24 17:39:21,44.69979109362845,6.370479708832963,0.0,33.88453166156256
2020-5-24 17:39:31,42.57192296995122,6.370479708832963,0.0,33.88453166156256
2020-5-24 17:39:41,42.57192296995122,6.370479708832963,0.0,33.88453166156256
2020-5-24 17:39:51,42.57192296995122,6.370479708832963,0.0,36.00143824084686
2020-5-24 17:40:1,42.57192296995122,6.370479708832963,0.0,36.00143824084686
2020-5-24 17:40:11,44.69979109362845,6.370479708832963,0.0,33.88453166156256
2020-5-24 17:40:21,42.57192296995122,6.370479708832963,0.0,33.88453166156256
2020-5-24 17:40:31,44.69979109362845,4.236948941954832,0.0,36.00143824084686
2020-5-24 17:40:41,44.69979109362845,6.370479708832963,0.0,33.88453166156256
2020-5-24 17:40:51,42.57192296995122,6.370479708832963,0.0,33.88453166156256
2020-5-24 17:41:1,44.69979109362845,6.370479708832963,0.0,33.88453166156256
2020-5-24 17:41:11,44.69979109362845,6.370479708832963,0.0,36.00143824084686
2020-5-24 17:41:21,42.57192296995122,6.370479708832963,0.0,36.00143824084686
2020-5-24 17:41:31,42.57192296995122,6.370479708832963,0.0,33.88453166156256
2020-5-24 17:41:41,44.69979109362845,4.236948941954832,0.0,33.88453166156256
2020-5-24 17:41:51,42.57192296995122,6.370479708832963,0.0,36.00143824084686
2020-5-24 17:42:1,44.69979109362845,6.370479708832963,0.0,36.00143824084686
2020-5-24 17:42:11,44.69979109362845,6.370479708832963,0.0,33.88453166156256
2020-5-24 17:42:21,42.57192296995122,6.370479708832963,0.0,33.88453166156256
2020-5-24 17:42:31,42.57192296995122,4.236948941954832,0.0,33.88453166156256
2020-5-24 17:42:41,44.69979109362845,6.370479708832963,2.1978764759003036,33.88453166156256
2020-5-24 17:42:51,44.69979109362845,6.370479708832963,0.0,33.88453166156256
2020-5-24 17:43:1,42.57192296995122,6.370479708832963,0.0,36.00143824084686
2020-5-24 17:43:11,44.69979109362845,6.370479708832963,0.0,33.88453166156256
2020-5-24 17:43:21,44.69979109362845,4.236948941954832,0.0,33.88453166156256
2020-5-24 17:43:31,42.57192296995122,6.370479708832963,0.0,33.88453166156256
2020-5-24 17:43:41,42.57192296995122,6.370479708832963,0.0,33.88453166156256
2020-5-24 17:43:51,42.57192296995122,6.370479708832963,0.0,36.00143824084686
2020-5-24 17:44:1,42.57192296995122,6.370479708832963,0.0,36.00143824084686
2020-5-24 17:44:11,42.57192296995122,6.370479708832963,0.0,33.88453166156256
2020-5-24 17:44:21,44.69979109362845,4.236948941954832,0.0,33.88453166156256
2020-5-24 17:44:31,42.57192296995122,6.370479708832963,0.0,33.88453166156256
2020-5-24 17:44:41,44.69979109362845,6.370479708832963,0.0,36.00143824084686
2020-5-24 17:44:51,42.57192296995122,6.370479708832963,0.0,33.88453166156256
2020-5-24 17:45:1,42.57192296995122,6.370479708832963,0.0,33.88453166156256
2020-5-24 17:45:11,44.69979109362845,6.370479708832963,0.0,33.88453166156256
2020-5-24 17:45:21,44.69979109362845,6.370479708832963,0.0,36.00143824084686
2020-5-24 17:45:31,44.69979109362845,4.236948941954832,0.0,36.00143824084686
2020-5-24 17:45:41,44.69979109362845,6.370479708832963,0.0,36.00143824084686
2020-5-24 17:45:51,42.57192296995122,6.370479708832963,0.0,33.88453166156256
2020-5-24 17:46:1,42.57192296995122,6.370479708832963,0.0,33.88453166156256
2020-5-24 17:46:11,44.69979109362845,6.370479708832963,0.0,33.88453166156256
2020-5-24 17:46:21,44.69979109362845,6.370479708832963,0.0,33.88453166156256
2020-5-24 17:46:31,44.69979109362845,6.370479708832963,0.0,33.88453166156256
2020-5-24 17:46:41,44.69979109362845,6.370479708832963,0.0,33.88453166156256
2020-5-24 17:46:51,42.57192296995122,4.236948941954832,0.0,33.88453166156256
2020-5-24 17:47:1,42.57192296995122,4.236948941954832,0.0,33.88453166156256
2020-5-24 17:47:11,44.69979109362845,6.370479708832963,0.0,33.88453166156256
2020-5-24 17:47:21,44.69979109362845,6.370479708832963,0.0,33.88453166156256
2020-5-24 17:47:31,42.57192296995122,6.370479708832963,0.0,36.00143824084686
2020-5-24 17:47:41,42.57192296995122,6.370479708832963,0.0,36.00143824084686
2020-5-24 17:47:51,42.57192296995122,6.370479708832963,0.0,36.00143824084686
2020-5-24 17:48:1,42.57192296995122,6.370479708832963,0.0,36.00143824084686
2020-5-24 17:48:11,42.57192296995122,4.236948941954832,0.0,36.00143824084686
2020-5-24 17:48:21,44.69979109362845,6.370479708832963,0.0,33.88453166156256
2020-5-24 17:48:31,44.69979109362845,6.370479708832963,0.0,33.88453166156256
2020-5-24 17:48:41,42.57192296995122,6.370479708832963,0.0,33.88453166156256
2020-5-24 17:48:51,44.69979109362845,6.370479708832963,0.0,33.88453166156256
2020-5-24 17:49:1,44.69979109362845,6.370479708832963,0.0,33.88453166156256
2020-5-24 17:49:11,44.69979109362845,6.370479708832963,0.0,33.88453166156256
2020-5-24 17:49:21,44.69979109362845,6.370479708832963,0.0,33.88453166156256
2020-5-24 17:49:31,42.57192296995122,6.370479708832963,0.0,33.88453166156256
2020-5-24 17:49:41,42.57192296995122,6.370479708832963,0.0,33.88453166156256
2020-5-24 17:49:51,44.69979109362845,4.236948941954832,0.0,36.00143824084686
2020-5-24 17:50:1,42.57192296995122,6.370479708832963,0.0,33.88453166156256
2020-5-24 17:50:11,42.57192296995122,6.370479708832963,0.0,33.88453166156256
2020-5-24 17:50:21,42.57192296995122,6.370479708832963,0.0,33.88453166156256
2020-5-24 17:50:31,42.57192296995122,6.370479708832963,0.0,33.88453166156256
2020-5-24 17:50:41,42.57192296995122,6.370479708832963,0.0,36.00143824084686
2020-5-24 17:50:51,44.69979109362845,6.370479708832963,0.0,36.00143824084686
2020-5-24 17:51:1,44.69979109362845,4.236948941954832,0.0,33.88453166156256
2020-5-24 17:51:11,44.69979109362845,4.236948941954832,0.0,36.00143824084686
2020-5-24 17:51:21,44.69979109362845,6.370479708832963,0.0,33.88453166156256
2020-5-24 17:51:31,42.57192296995122,6.370479708832963,0.0,33.88453166156256
2020-5-24 17:51:41,42.57192296995122,6.370479708832963,0.0,36.00143824084686
2020-5-24 17:51:51,44.69979109362845,6.370479708832963,0.0,33.88453166156256
2020-5-24 17:52:1,44.69979109362845,6.370479708832963,0.0,36.00143824084686
2020-5-24 17:52:11,42.57192296995122,6.370479708832963,0.0,33.88453166156256
2020-5-24 17:52:21,44.69979109362845,6.370479708832963,0.0,36.00143824084686
2020-5-24 17:52:31,42.57192296995122,6.370479708832963,0.0,33.88453166156256
2020-5-24 17:52:41,44.69979109362845,4.236948941954832,0.0,36.00143824084686
2020-5-24 17:52:51,42.57192296995122,6.370479708832963,0.0,33.88453166156256
2020-5-24 17:53:1,44.69979109362845,6.370479708832963,0.0,36.00143824084686
2020-5-24 17:53:11,44.69979109362845,6.370479708832963,0.0,33.88453166156256
2020-5-24 17:53:21,42.57192296995122,6.370479708832963,0.0,36.00143824084686
2020-5-24 17:53:31,42.57192296995122,6.370479708832963,0.0,33.88453166156256
2020-5-24 17:53:41,44.69979109362845,4.236948941954832,0.0,36.00143824084686
2020-5-24 17:53:51,44.69979109362845,6.370479708832963,0.0,33.88453166156256
2020-5-24 17:54:1,42.57192296995122,6.370479708832963,0.0,33.88453166156256
2020-5-24 17:54:11,44.69979109362845,6.370479708832963,0.0,36.00143824084686
2020-5-24 17:54:21,42.57192296995122,6.370479708832963,0.0,33.88453166156256
2020-5-24 17:54:31,44.69979109362845,6.370479708832963,0.0,33.88453166156256
2020-5-24 17:54:41,42.57192296995122,6.370479708832963,0.0,36.00143824084686
2020-5-24 17:54:51,38.31615227253093,0.0,0.0,33.88453166156256
2020-5-24 17:55:1,38.31615227253093,0.0,0.0,36.00143824084686
2020-5-24 17:55:11,38.31615227253093,0.0,0.0,33.88453166156256
2020-5-24 17:55:21,38.31615227253093,0.0,0.0,36.00143824084686
2020-5-24 17:55:31,38.31615227253093,0.0,0.0,33.88453166156256
2020-5-24 17:55:41,38.31615227253093,0.0,0.0,36.00143824084686
2020-5-24 17:55:51,38.31615227253093,0.0,0.0,36.00143824084686
2020-5-24 17:56:1,36.18824969878788,0.0,0.0,36.00143824084686
2020-5-24 17:56:11,38.31615227253093,0.0,0.0,36.00143824084686
2020-5-24 17:56:21,38.31615227253093,0.0,0.0,36.00143824084686
2020-5-24 17:56:31,38.31615227253093,0.0,0.0,36.00143824084686
2020-5-24 17:56:41,38.31615227253093,0.0,0.0,36.00143824084686
2020-5-24 17:56:51,36.18824969878788,0.0,0.0,33.88453166156256
2020-5-24 17:57:1,38.31615227253093,0.0,0.0,33.88453166156256
2020-5-24 17:57:11,36.18824969878788,0.0,0.0,33.88453166156256
2020-5-24 17:57:21,38.31615227253093,0.0,0.0,33.88453166156256
2020-5-24 17:57:31,36.18824969878788,0.0,0.0,33.88453166156256
2020-5-24 17:57:41,38.31615227253093,0.0,0.0,33.88453166156256
2020-5-24 17:57:52,36.18824969878788,0.0,0.0,33.88453166156256
2020-5-24 17:58:2,38.31615227253093,0.0,0.0,36.00143824084686
2020-5-24 17:58:12,38.31615227253093,0.0,0.0,36.00143824084686
2020-5-24 17:58:22,38.31615227253093,0.0,0.0,33.88453166156256
2020-5-24 17:58:32,36.18824969878788,0.0,0.0,33.88453166156256
2020-5-24 17:58:42,38.31615227253093,0.0,0.0,33.88453166156256
2020-5-24 17:58:52,38.31615227253093,0.0,0.0,33.88453166156256
2020-5-24 17:59:2,36.18824969878788,0.0,0.0,33.88453166156256
2020-5-24 17:59:12,36.18824969878788,0.0,0.0,33.88453166156256
2020-5-24 17:59:22,36.18824969878788,0.0,0.0,36.00143824084686
2020-5-24 17:59:32,38.31615227253093,0.0,0.0,36.00143824084686
2020-5-24 17:59:42,38.31615227253093,0.0,0.0,33.88453166156256
2020-5-24 17:59:52,36.18824969878788,0.0,0.0,33.88453166156256
2020-5-24 18:0:2,38.31615227253093,0.0,0.0,33.88453166156256
2020-5-24 18:0:12,38.31615227253093,0.0,0.0,33.88453166156256
2020-5-24 18:0:22,38.31615227253093,0.0,0.0,33.88453166156256
2020-5-24 18:0:32,36.18824969878788,0.0,0.0,33.88453166156256
2020-5-24 18:0:42,38.31615227253093,0.0,0.0,33.88453166156256
2020-5-24 18:0:52,36.18824969878788,0.0,0.0,33.88453166156256
2020-5-24 18:1:2,36.18824969878788,0.0,0.0,33.88453166156256
2020-5-24 18:1:12,36.18824969878788,0.0,0.0,33.88453166156256
2020-5-24 18:1:22,36.18824969878788,0.0,0.0,33.88453166156256
2020-5-24 18:1:32,38.31615227253093,0.0,0.0,33.88453166156256
2020-5-24 18:1:42,36.18824969878788,0.0,0.0,33.88453166156256
2020-5-24 18:1:52,38.31615227253093,0.0,0.0,33.88453166156256
2020-5-24 18:2:2,38.31615227253093,0.0,0.0,33.88453166156256
2020-5-24 18:2:12,36.18824969878788,0.0,0.0,33.88453166156256
2020-5-24 18:2:22,38.31615227253093,0.0,0.0,36.00143824084686
2020-5-24 18:2:32,36.18824969878788,0.0,0.0,33.88453166156256
2020-5-24 18:2:42,36.18824969878788,0.0,0.0,33.88453166156256
2020-5-24 18:2:52,38.31615227253093,0.0,0.0,33.88453166156256
2020-5-24 18:3:2,38.31615227253093,0.0,0.0,33.88453166156256
2020-5-24 18:3:12,36.18824969878788,0.0,0.0,33.88453166156256
2020-5-24 18:3:22,38.31615227253093,0.0,0.0,33.88453166156256
2020-5-24 18:3:32,36.18824969878788,0.0,0.0,33.88453166156256
2020-5-24 18:3:42,38.31615227253093,0.0,0.0,33.88453166156256
2020-5-24 18:3:52,36.18824969878788,0.0,0.0,33.88453166156256
2020-5-24 18:4:2,36.18824969878788,0.0,0.0,33.88453166156256
2020-5-24 18:4:12,36.18824969878788,2.103410989733614,0.0,33.88453166156256
2020-5-24 18:4:22,36.18824969878788,0.0,0.0,33.88453166156256
2020-5-24 18:4:32,36.18824969878788,0.0,0.0,33.88453166156256
2020-5-24 18:4:42,36.18824969878788,0.0,0.0,33.88453166156256
2020-5-24 18:4:52,36.18824969878788,0.0,0.0,36.00143824084686
2020-5-24 18:5:2,38.31615227253093,0.0,0.0,36.00143824084686
2020-5-24 18:5:12,36.18824969878788,0.0,0.0,33.88453166156256
2020-5-24 18:5:22,36.18824969878788,0.0,0.0,36.00143824084686
2020-5-24 18:5:32,38.31615227253093,0.0,0.0,36.00143824084686
2020-5-24 18:5:42,36.18824969878788,0.0,0.0,33.88453166156256
2020-5-24 18:5:52,36.18824969878788,0.0,0.0,36.00143824084686
2020-5-24 18:6:2,38.31615227253093,0.0,0.0,36.00143824084686
2020-5-24 18:6:12,36.18824969878788,0.0,0.0,33.88453166156256
2020-5-24 18:6:22,36.18824969878788,0.0,0.0,33.88453166156256
2020-5-24 18:6:32,38.31615227253093,0.0,0.0,33.88453166156256
2020-5-24 18:6:42,38.31615227253093,0.0,0.0,33.88453166156256
2020-5-24 18:6:52,36.18824969878788,0.0,0.0,33.88453166156256
2020-5-24 18:7:2,36.18824969878788,0.0,0.0,33.88453166156256
2020-5-24 18:7:12,36.18824969878788,0.0,0.0,33.88453166156256
2020-5-24 18:7:22,36.18824969878788,0.0,0.0,33.88453166156256
2020-5-24 18:7:32,38.31615227253093,2.103410989733614,0.0,33.88453166156256
2020-5-24 18:7:42,38.31615227253093,0.0,0.0,33.88453166156256
2020-5-24 18:7:52,36.18824969878788,0.0,0.0,33.88453166156256
2020-5-24 18:8:2,36.18824969878788,0.0,0.0,33.88453166156256
2020-5-24 18:8:12,36.18824969878788,0.0,0.0,33.88453166156256
2020-5-24 18:8:22,36.18824969878788,0.0,0.0,36.00143824084686
2020-5-24 18:8:32,38.31615227253093,0.0,0.0,36.00143824084686
2020-5-24 18:8:42,38.31615227253093,0.0,0.0,36.00143824084686
2020-5-24 18:8:52,38.31615227253093,0.0,0.0,33.88453166156256
2020-5-24 18:9:2,38.31615227253093,0.0,0.0,33.88453166156256
2020-5-24 18:9:12,38.31615227253093,0.0,0.0,36.00143824084686
2020-5-24 18:9:22,38.31615227253093,0.0,0.0,33.88453166156256
2020-5-24 18:9:32,38.31615227253093,0.0,0.0,33.88453166156256
2020-5-24 18:9:42,36.18824969878788,0.0,0.0,36.00143824084686
2020-5-24 18:9:52,38.31615227253093,0.0,0.0,33.88453166156256
2020-5-24 18:10:2,38.31615227253093,0.0,0.0,33.88453166156256
2020-5-24 18:10:12,38.31615227253093,0.0,0.0,36.00143824084686
2020-5-24 18:10:22,38.31615227253093,0.0,0.0,36.00143824084686
2020-5-24 18:10:32,38.31615227253093,0.0,0.0,36.00143824084686
2020-5-24 18:10:42,38.31615227253093,0.0,0.0,36.00143824084686
2020-5-24 18:10:52,38.31615227253093,0.0,0.0,33.88453166156256
2020-5-24 18:11:2,38.31615227253093,0.0,0.0,33.88453166156256
2020-5-24 18:11:12,38.31615227253093,0.0,0.0,36.00143824084686
2020-5-24 18:11:22,38.31615227253093,0.0,0.0,36.00143824084686
2020-5-24 18:11:32,36.18824969878788,0.0,0.0,33.88453166156256
2020-5-24 18:11:42,38.31615227253093,0.0,0.0,33.88453166156256
2020-5-24 18:11:52,38.31615227253093,0.0,0.0,36.00143824084686
2020-5-24 18:12:2,38.31615227253093,0.0,0.0,33.88453166156256
2020-5-24 18:12:12,38.31615227253093,0.0,0.0,36.00143824084686
2020-5-24 18:12:22,36.18824969878788,0.0,0.0,33.88453166156256
2020-5-24 18:12:32,36.18824969878788,0.0,0.0,36.00143824084686
2020-5-24 18:12:42,38.31615227253093,0.0,0.0,36.00143824084686
2020-5-24 18:12:52,36.18824969878788,0.0,0.0,36.00143824084686
2020-5-24 18:13:2,38.31615227253093,0.0,0.0,36.00143824084686
2020-5-24 18:13:12,38.31615227253093,0.0,0.0,33.88453166156256
2020-5-24 18:13:22,38.31615227253093,0.0,0.0,33.88453166156256
2020-5-24 18:13:32,38.31615227253093,0.0,0.0,36.00143824084686
2020-5-24 18:13:42,38.31615227253093,0.0,0.0,36.00143824084686
2020-5-24 18:13:52,38.31615227253093,0.0,0.0,36.00143824084686
2020-5-24 18:14:2,38.31615227253093,0.0,0.0,36.00143824084686
2020-5-24 18:14:12,36.18824969878788,0.0,0.0,36.00143824084686
2020-5-24 18:14:22,36.18824969878788,0.0,0.0,33.88453166156256
2020-5-24 18:14:32,38.31615227253093,0.0,0.0,33.88453166156256
2020-5-24 18:14:42,36.18824969878788,0.0,0.0,33.88453166156256
2020-5-24 18:14:52,38.31615227253093,0.0,0.0,33.88453166156256
2020-5-24 18:15:2,38.31615227253093,0.0,0.0,36.00143824084686
2020-5-24 18:15:12,38.31615227253093,0.0,0.0,36.00143824084686
2020-5-24 18:15:22,36.18824969878788,0.0,0.0,36.00143824084686
2020-5-24 18:15:32,38.31615227253093,0.0,0.0,36.00143824084686
2020-5-24 18:15:42,38.31615227253093,0.0,0.0,33.88453166156256
2020-5-24 18:15:52,38.31615227253093,0.0,0.0,33.88453166156256
2020-5-24 18:16:2,38.31615227253093,0.0,0.0,33.88453166156256
2020-5-24 18:16:12,38.31615227253093,0.0,0.0,33.88453166156256
2020-5-24 18:16:22,38.31615227253093,0.0,0.0,36.00143824084686
2020-5-24 18:16:32,38.31615227253093,0.0,0.0,36.00143824084686
2020-5-24 18:16:42,38.31615227253093,0.0,0.0,33.88453166156256
2020-5-24 18:16:52,38.31615227253093,0.0,2.1978764759003036,36.00143824084686
2020-5-24 18:17:2,38.31615227253093,0.0,0.0,36.00143824084686
2020-5-24 18:17:12,38.31615227253093,0.0,0.0,33.88453166156256
2020-5-24 18:17:22,38.31615227253093,0.0,0.0,33.88453166156256
2020-5-24 18:17:32,38.31615227253093,0.0,0.0,33.88453166156256
2020-5-24 18:17:42,38.31615227253093,0.0,0.0,33.88453166156256
2020-5-24 18:17:52,36.18824969878788,0.0,0.0,33.88453166156256
2020-5-24 18:18:2,38.31615227253093,0.0,0.0,33.88453166156256
2020-5-24 18:18:12,38.31615227253093,0.0,0.0,33.88453166156256
2020-5-24 18:18:23,38.31615227253093,0.0,0.0,36.00143824084686
2020-5-24 18:18:33,38.31615227253093,0.0,0.0,33.88453166156256
2020-5-24 18:18:43,38.31615227253093,0.0,0.0,36.00143824084686
2020-5-24 18:18:53,38.31615227253093,0.0,0.0,33.88453166156256
2020-5-24 18:19:3,38.31615227253093,0.0,0.0,36.00143824084686
2020-5-24 18:19:13,38.31615227253093,0.0,0.0,33.88453166156256
2020-5-24 18:19:23,38.31615227253093,0.0,0.0,36.00143824084686
2020-5-24 18:19:33,38.31615227253093,0.0,0.0,36.00143824084686
2020-5-24 18:19:43,38.31615227253093,0.0,0.0,33.88453166156256
2020-5-24 18:19:53,36.18824969878788,0.0,0.0,33.88453166156256
2020-5-24 18:20:3,38.31615227253093,0.0,0.0,33.88453166156256
2020-5-24 18:20:13,38.31615227253093,0.0,0.0,33.88453166156256
